,Mencion
0,Youtube
5,Arianagrande
6,Potus
7,Foxnews
1,Change
2,Usatoday
3,Emmerdale
13,Justinbieber
4,Djicemoon
26,Stretcher
2231,Towel
9,Mikeparractor
871,Invalid
813,Usagov
8,Youngheroesid
80,Gop
1749,Diamondkesawn
87,Realdonaldtrump
2138,Rexyy
100,Lonewolffur
1568,Grazed
102,Ap
12,Local_arsonist
111,Unsuckdcmetro
28,Michael5sos
11,Raynbowaffair
10,Reuters
14,'armageddon
21,Kurtschlichter
25,Worldnetdaily
2150,Realmandyrain
2270,Itunesmusic
27,Mnpdnashville
17,Trubgme
56,Calum5sos
58,Jimmyfallon
1816,X
2149,Claytonbryant
2151,Refugees
16,Ian_hellfire
18,Spinningbot
15,Accionempresa
72,Barackobama
1379,Tflbusalerts
86,Davidvonderhaar
1752,Nickcannon
1751,Gerenciatodos
2310,Itunes
740,Foxy__siren:
1210,Un
2116,Witter
32,Nbcnews
23,Blizzard_draco
36,Viralspell
22,Guardian
35,Nytimes
34,Tinyjecht
33,Business
31,Zak_bagans
760,Po_st
30,Nasahurricane
20,Yahoonews
29,Ebay
1750,Dannyonpc
19,Sharethis
24,Smh
1754,Mishacollins
1214,Abc
1753,Thisizbwright
1762,Spencers
110,Theadvocatemag
1763,Cjoyner
1755,Nickcocofree
1516,Fatality_us
1756,Screamqueens
1757,Itsjustinstuart
1758,Diamorfiend
1759,Megynkelly
1760,Cnewslive
686,Starbucks
1764,Thetawniest
1761,Vgbootcamp
1891,The
522,Jamesmelville
2271,Jdabe80
216,9newsgoldcoast
339,Zaynmalik
224,Wired
762,Timkaine
199,Meinlcymbals
486,Drake
870,Apollobrown
1306,Msnbc
1116,Pmharper
910,Teamhendrick
1292,Manutd
1520,Cnnbrk
108,David_cameron
169,Pmarca
1477,Narendramodi
1543,Mets
724,Bluejays
2152,Juliedicaro
847,Pllolz
844,Weyrey_gidi:
708,Scottwalker
1619,Abu_baraa1
109,Alexbelloli
107,_minimehh
49,Blizzheroes
47,Cityofcalgary
73,Royalcarribean
50,Fewmoretweets
71,Cdcgov
51,Camilacabello97
70,Wocowae
40,Montetjwitter11
69,Prosyn
68,Ameenshaikh3
67,Jones94kyle
66,Tomcatarts
65,Aria_ahrary
64,Fevwarrior
41,Jamaicaobserver
63,Robot_rainstorm
54,Danisnotonfire
42,Fedex
106,Slate
43,Newz_sacramento
44,Cindynoonan-heartbreak
62,Envw98
52,Scoopit
46,Minhazmerchant
45,Arsonistmusic
61,Corleonedaboss
60,Anellatulip
53,233liveonline.
59,Noah_anyname
57,Weathernetwork
39,Londonfire
48,Cnn
74,Bradleybrad47
91,Pattonoswalt
105,Amazon
104,Peterjukes
37,Www.cbplawyers
103,Aftershock_delo
101,Livingsafely:
38,Sweet2young
99,Casper_rmg
98,Dailykos
97,Hurricane_dolce
96,Rockbottomradfm
95,Blutz10
94,Batfanuk
93,Teamstream
92,Tsunami_esh
90,Newyorker
89,Fouseytube
88,Wordpressdotcom
85,Originalfunko
84,Viralspell:
83,Meekmill
82,Samanthaturne19
81,Abcnews
79,1061thetwister
78,Nasasolarsystem:
77,Gofundme
76,Rightwaystan
75,Themagickidraps
55,Rohnertparkdps
1592,Atlarnxx
1591,Alextucker
1593,Tayiorrmade
1580,Stupid_niggr
1590,Jpanzar
1589,Miss_homasttopa
1588,Scalpium
1587,Doricreates
1586,Senschumer
1594,Calum36chambers
1584,Samihonkonen
1583,Emilyschuman
1582,Runner_joy
1581,Scotto519
1585,Hassanrouhani
1608,Gidiexclusixe
1595,Britishbakeoff
1610,Thedailybeast
1622,Re_shrimplevy
1621,Fox5newsdc
1620,Songhey89
1618,Kombatfans33)
1617,Shantaeskyy
1616,Trustymclusty
1615,Cameronhigdon34
1614,Mikecroninwmur
1613,Eric_bulak
1612,Irishtimesworld
1611,Uchicago
1609,Junsuisengen
1596,Charlesdagnall
1607,Parentsacrossam
1606,Ezralevant
1605,Volfan326
1604,Blakeshelton
1603,Uriminzok
1602,Irishspy
1601,Mccainenl
1600,Anarchic_teapot
1599,Phelimkine:
1598,Cwheate
1597,Breitbartnews
1623,Kirstiealley
1521,82ndabndiv
1579,Salon
1530,Oooureli
1544,Hrips_k
1542,Drfriedencdc
1541,Dorismatsui
1540,Stuckinbooks
1539,_ashj?
1538,Morbidmovies
1537,Cortezera
1536,Contactenergy
1535,Ofentse_tsie
1534,Chromsucks
1533,_wildfire__
1532,Cbsbigbrother!?!
1531,Patricia_traina
1529,Wews
1546,Djryanwolf
1528,Greenlacey
1527,Dattomm
1526,Twoptwips
1525,Jennasjems
1524,Horsetalknz
1523,Nlm_dimrc:
1522,Antpips67
1625,Mcnabbychic
1519,Princessduck
1518,Daviskawalya
1517,Jebbush
1515,Ohyayyyyay
1514,Onfireanders
1545,Kyrikoni
1547,Greateranglia
1578,Lemairelee
1563,Museawayfic
1577,Independent
1576,Lordrsbiscuits
1575,Mariomaraczi
1574,Caitsroberts
1573,Wkrn
1572,Nepd_loyko
1571,Karinagarciaxo_
1570,Startide
1569,Blizzard_fans
1567,Ayhoka_:
1566,Lifelettercafe
1565,Careemergencies
1564,Thesewphist
1562,Yelllowheather
1548,Theleadernews
1561,Yahootv
1560,Tomdean86
1559,Thejonesesvoice
1558,Thebriankrause
1557,...
1556,Toddstarnes
1555,Nycdivorcelaw
1554,Councilscc
1553,Jyheffect
1552,Lenn_len
1551,Randerson62
1550,Moscow_ghost
1549,Billboard
1624,Petereallen
1694,Arizzo44
1626,Nykaed_
1627,Libraryeliza
1720,5sos
1719,Matt_kroschel:
1718,Wearethenews
1717,Art_brut_
1716,Wccorosen
1715,Theemobrago
1714,B24fowler
1713,Raidersreporter
1712,Engineshed
1711,Rachelcaine
1710,Jewishpress
1709,Coloiccarnality
1708,Roughdeal1
1707,Bardissimo
1706,Halfhourhotel
1705,Timeworld
1704,Hopefulbatgirl
1703,Eytay
1702,Tinybaby
1701,Tyleroakley
1700,Baseballquotes1
1699,Thelegendblue
1698,Raishimi33
1697,Thatdes
1696,Judson1360
1695,Lifeaintfairkid
1512,Kierannicholson
1693,Raniakhalek
1692,Zenande_mcfen
1721,Doctordryadma
1722,Fantosex
1723,Lobo_paranoico
1739,Bbcnews
1768,Adweek
1767,Grummz
1766,Thelonevirologi
1765,Mind_mischief
1748,Godsfirstson1
1747,Rahulkanwal
1746,Universityoflaw
1745,Lesleychappelle
1744,Channelstv:that's
1743,Taykreidler
1742,Josh_lado
1741,Neanderrebel
1740,Toocodtodd
1738,Treyarch
1724,Kinggerudo_
1737,Michelleellle
1736,Azimel
1735,Guidofawkes
1734,Twilightfairy
1733,Captainn_morgan
1732,Cw_hoops
1731,Beautiful_juic1
1730,Sodamntrue
1729,Devinjoslyn
1728,Sonoranrattler
1727,Stacdemon
1726,C_pinto001
1725,Vickybrush
1691,Libertygeek83
1690,Lavapixcom
1689,Retiredfilth
1642,_itzsteven
1655,Hvnewsnetwork
1654,Marksmaponyane
1653,Reddakushgodd
1652,Csaresu
1651,Daewony0406
1650,D33munni
1649,Jrlallo
1648,Latimes)
1647,Acarewornheart
1646,Kiwi_karyn
1645,Nicolaclements4
1644,Emhub
1643,Sirtitan45
1641,Michaelgbaron
1657,_itsdanie_
1640,Martinmj22
1639,Missjadebrown
1638,Crash_______
1637,Satanaofhell
1636,Guy_reginald
1635,Joshsternberg
1634,Ganseyman
1633,Stfxuniversity
1632,Time4me_sews
1631,Alexalltimelow
1630,Hronlinetweets
1629,Pjcoyle
1628,Phdsquares
1656,Seismicsoftware:
1658,Willie_am_i
1688,Trombonetristan
1674,Gfrost1985
1687,Reign_coco:
1686,Olrules
1685,Sakhalintribune
1684,Amirkingkhan
1683,Mithitennis
1682,Waseembadami
1681,Sergiopiaggio
1680,Harveymaine
1679,Blossominglilac
1678,Edfringe?
1677,Cristianinspire
1676,Chikislizeth08
1675,Dannyjohnjules
1673,Followlasg
1659,Johngreen
1672,Dnj_com
1671,Morning_joe
1670,Macbreck
1669,Chowtaxis
1668,Keegan172
1667,Trillac_
1666,Kaiseiw
1665,Ryanoss123
1664,Cta
1663,Cspan
1662,Daretotaha
1661,Mentalhealthgov
1660,Dratomic420
1513,Horiikawa
1445,Syringetoanger
1511,Ptsd_chat
1329,Juliechen
1323,Andygilder
1324,_pokemoncards_
1325,Examinercom
1326,Hollywarnexx
1327,Ajabrown:
1328,Startelegram:
1330,Booksbyroger
1372,God
1331,Gg_keeponrockin
1332,"Pioneerpress

http://t.co/zl7fhucxhl"
1333,Jetixrestored
1334,Khqa
1335,Alexis_sanchez:
1336,Muttatek
1322,Kerrykatona7
1321,Ianokavo96
1320,Tweetinglew
1319,Chief__cg
1318,Mechamacgyver
1317,Davidvitter
1316,Crystal_blaz
1315,Music212
1314,Creationmin
1313,Mythgriy
1312,Bluewestlo
1311,Acebabes
1310,Wwp
1309,Alanhahn
1308,Nuggets
1307,Dmoneydemi
1305,Truediagnosis:
1337,Memenaar
1338,Heebsterrr_
1339,Justin_ling
1356,Heyimbeeyt
1370,Louis_tomlinson
1369,Toiindianews
1368,Justicemalala
1367,Thehighfessions:
1366,Maatmhi
1365,Bdisgusting
1364,Brandonmulcahy
1363,Dougmartin17
1362,Edwelchmusic
1361,Teafrystlik
1360,Ma3route:
1359,Codythompson25
1358,Attackonstiles
1357,Wild_lionx3
1355,Lt3dave
1340,Tcgreno
1354,Gamerant:
1353,Thetimepast
1352,Weloverobdyrdek
1351,Leonalewis
1350,Ssssnell
1349,Ppfa
1348,Khalidkkazi
1347,Scegnews!
1346,Phillipten.
1345,Deniseromano
1344,Igmpj
1343,New_hart2010
1342,Babysweet420
1341,Djjohnblaze
1304,Foxnewsvideo
1303,Lizbon
1302,Be_ram0s.
1251,_onlyftf
1265,Xdescry
1264,Jozerphine
1263,Slsandpet
1262,Sidelinesavage
1261,58hif
1260,Josephjett
1259,1:32
1258,Spookyfob
1257,Barbi_twins
1256,Bluebirddenver
1255,Real_liam_payne
1254,Dantwitty52
1253,Joshcorman
1252,Estellasrevenge
1250,Nigeltanner1
1267,Lawsonofficial
1249,Nataliealund
1248,Thedailyshow
1247,Fdny:
1246,115film
1245,Camilla_33
1244,Alexhammerstone
1243,Jmastrodonato
1242,Chrisroth98
1241,Abc7
1240,Lightning_ooc
1239,Scvsupremecourt
1238,Skarletan
1237,Detroitnews
1236,Engineermatarai
1266,Christycroley
1268,Ogtomd
1301,Aaronthefm
1285,Violentfeminazi
1300,Gemmahentsch
1299,Yahooschwab
1298,Daniglasgow45
1297,Tanehisicoates
1296,Teahivetweets
1295,Sirbrandonknt
1294,Karnythia
1293,Blizzard_gamin
1291,Colinhoffman29
1290,Hfxstanfield
1289,Jaydennotjared
1288,Kaylak369
1287,Ledofficial1
1286,Philipduncan
1284,Cityofhummus
1269,Glosblue66
1283,David5fernandez
1282,Byuwnbeki
1281,Editaxohaze
1280,Gilmanrocks7
1279,Romeocrow
1278,Davidjordan88
1277,Swellyjetevo
1276,Adriennetomah
1275,Robertmeyer9
1274,Prablematicla
1273,Rihanna
1272,Thedayct
1271,Bbcintroducing
1270,Qpr1980
1371,Presstv
1373,Arizonadot
1510,'=blackcats=
1467,Xhnews
1461,Snapharmony
1462,Mprnews
1463,Usarmy
1464,Justinejayyy
1465,Madonnamking
1466,Emmychappy
1468,Ashberxo
1374,Crazyindapeg
1469,Envyseven
1470,Tareksocal
1471,Hazelannmac
1472,Yourboy_shawn
1473,Flgovscott
1474,Icrc
1460,Dantmatrafajlo
1459,Alcoholandmetal
1458,Theevilolives
1457,Cbsbigbrother
1456,Avbronstein
1455,Villicanaalicia
1454,Based_georgie:
1453,Laevantine
1452,Baileysmsteach
1451,Phiddleface
1450,Becca_caitlyn99
1449,Bytorrecilla
1448,Absolut_sumya15
1447,Dallascowboys
1446,Thenewshype
1770,Bitchl0vecannon
1444,Freediscountbks:
1475,Woundedpigeon
1476,Volcanodiscover
1478,Roguewatson
1495,Shakjn
1509,Tsunami_nopeach
1508,Glenstannard
1507,Sriramk
1506,Matt_bez
1505,Kmactwn
1504,Sirtophamhat
1503,Tastemycupcakee
1502,Mofanon
1501,Mallelis
1500,Kennethbauer_
1499,Georgefoster72
1498,Theeconomist
1497,Thebuffshow
1496,Wmata
1494,Rrusa
1479,D_lac:
1493,Kaotix_blaze
1492,Czallstarwes
1491,Redcoatjackpot
1490,Target
1489,Iateyourfood
1488,Homeworldgym
1487,Changepilipinas
1486,Ashayo
1485,Rinkydnk2
1484,Robdelaney
1483,Duchovbutt
1482,Iphooey
1481,Rosemarytravale
1480,Jake_blight
1443,Flow397
1442,Pcaldicott7
1441,Limpar33
1391,Atljw
1405,Jorrynja:
1404,Khadidon)
1403,Phnotf
1402,Resoluteshield
1401,Daorcey
1400,Abran_caballero
1399,Misfitrarity
1398,Ft
1397,Lunasagalle
1396,Qz
1395,Atl_events
1394,Imawesome7986
1393,Dustpiggies
1392,Leoblakecarter:
1390,Arovolturi3000
1407,Atgrannyshouse
1389,_jeesss_
1388,Rebelmage2
1387,Writes4coffee
1386,Veldfest
1385,Officialtjonez
1384,Lucypalladino
1383,Joeybats19
1382,Squeaver
1381,Katramsland
1380,News
1378,Trollkrattos
1377,Cochisecollege
1376,Tomarse99
1375,Babybackreeve
1406,Realhotcullen
1408,Garbanzobean23
1440,Jlabuz
1425,Jolly_jinu
1439,Bridgeportspeed
1438,Lucymayofficial
1437,Expirehc
1436,Historicalmages:
1435,Jennife29916207
1434,Scmp_news
1433,Punkblunts
1432,Senatemajldr
1431,Hail_zel
1430,Haji_hunter762
1429,Evahanderek
1428,Lovelylikelaura
1427,Elianaraquel
1426,Princeoffencing
1424,Malistkiss
1409,Ohmygoshi
1423,Edsheeran
1422,Audacityjamesta
1421,_explicitpretty
1420,Random_tourist
1419,Malabamiandsons
1418,Eileenmfl
1417,Kellkane
1416,Sterlingknight
1415,Ushiocomics
1414,'
1413,Dacherryontop13
1412,Legna989
1411,Parksboardfacts
1410,Allahsfinest12
1769,Noahj456
1835,Crackedgem
1771,Niamhosullivanx
2145,Nevaehburton33
2139,Soonersportstv:
2140,Dustinbrowder
2141,Cm_nevalistis
2142,Patrickwsls
2143,Nitishkumar
2144,Crudes
2146,Avalanche
2119,Courtlizcamp
2147,Rwrabbit
2148,Lodisilverado
2153,Nutsandboltssp
2154,Dloesch
2155,Utahgrizz.
2156,Mattytalks
2137,Jones_luna
2136,Grogparty
2135,Wyattb23
2134,Kidicalmassdc
2133,Craykain
2132,Joinvroom
2131,Liva_gotta
2130,Jeannamibian
2129,Renunciedilma
2128,Markkriegsman
2127,Ijustine
2126,How_fans
2125,Annaciclismo
2124,Chaboyyhd
2123,Bestcomedyvine
2122,Keren_serpa
2121,Deathmule
2157,Greggmair
2158,Lawrence
2159,Dyamiplotke
2176,Zeno001
2190,Davidlabrava
2189,Xylodemon
2188,Whopper_jr_760
2187,Unnewsteam
2186,Rfcgeom66
2185,Djiglobal
2184,Imagecomics
2183,Gooneratheist
2182,Weei
2181,Amateurnester
2180,Mlb
2179,Presssec
2178,Zepp1978
2177,Tony_burke
2175,Wildwestsixgun
2160,/
2174,Shaniatwain
2173,Angels
2172,Frackfree_eu
2171,Taufikcj
2170,Playstation
2169,Codawscrims
2168,Blizzardcs
2167,Ter_ell
2166,Jimskiv92
2165,Financialreview
2164,Amin_akh
2163,Wsaz_brittany
2162,Morganlawgrp
2161,Dibang
2120,Taraswart
2118,Purpleturtlerdg
2192,Fredosantana300
2074,Stevenrulles
2068,Breakfastone
2069,Msf
2070,Yeshayad
2071,Ctafails
2072,"Mcfaul
and"
2073,Johnfugelsang
2075,Naturalexample)
2117,Angharadjames16
2076,Nicolekidman
2077,Synapsenkotze
2078,Policeng
2079,Traplord_29
2080,Dalinthanelan
2081,Bethanymota
2067,Elutranscendent
2066,Prisonplanet
2065,Corycove
2064,Jason_floyd
2063,Thetwisterokc
2062,Solelinks
2061,Saalon
2060,Aberdeenfanpage
2059,Adndotcom
2058,Mauryn143
2057,Floydmayweather
2056,Hunterlove1995
2055,Feelslikefob
2054,Voodoo_ben
2053,Danharmon
2052,Gunnersfan89
2051,Jackperu1
2082,Vj44
2083,Thegreenparty
2084,Mattburgener
2101,News24680
2115,Erasuterism
2114,Skippy6gaming
2113,Ieansquad:
2112,Cloudy_goldrush
2111,Jamilazzaini
2110,Rskarim1
2109,Steel_lord
2108,Sayed_ridha
2107,Essexweather
2106,Playoverwatch
2105,Granttamane8
2104,Safferoonicle
2103,Dr_johanfranzen
2102,Puppyshogun
2100,Taoistinsight
2085,Amesocialaction
2099,Tersestuff
2098,Sgc72
2097,Waynesteratl
2096,Cameronhacker
2095,Ausinstarchitect
2094,Karnakarank
2093,S_casualty
2092,Kbeastx
2091,Rich_chandler
2090,Beelievedc
2089,Thucydiplease
2088,Theblaze
2087,Rollingstones
2086,Sincerelyevelnn
2191,Mackayim
2193,Cubs
2049,Hurricane_surge
2290,Profbriancox
2284,Carlsbadbugkil1
2285,Mlrydalch
2286,Michele_nfpa
2287,Atheistic_1
2288,Jbouie
2289,Bbctalkback
2291,Themermacorn
2263,Arianareed11
2292,Jessie_novoa_
2293,Akarb74
2294,Beezersun
2295,Hijinks1967
2296,Wattashit3
2297,Tarleton_sophie
2283,Cantmisskid
2282,Djoneplustwo
2281,Frobeus_ns
2280,Sexycumshots
2279,4tp_kotc
2278,Dzafic_haris
2277,Davidduchovny
2276,Kellyannwx
2275,Dtop77
2274,Jessienojoke
2273,Goonc1ty
2272,Harvardu
2269,Madmakny
2268,Alexshipppp
2267,Arvindkejriwal
2266,Laurensicle
2265,Talkinghell
2298,Joshuaassaraf
2299,Tonysandos
2300,Vixstuart
2318,Tiara_marei
2332,"Cumslut_2
"
2331,Lopezandthelion
2330,Aftershock_org
2329,"Bj_nutt
"
2328,Iamtonyneal
2327,Hughes1128
2326,Elitesportsny
2325,Mmfa
2324,Benjbeckwith
2323,Idwpublishing
2322,Rt_america
2321,Liana_novoa
2320,Blanktgt
2319,Afp
2317,Battlerapchris
2301,Neanea2724!
2316,4tpfa
2315,"Cumtown
"
2314,Officialcoredjs
2313,Melissaross9847
2312,Lolatjesus
2311,Darryl_brooks
2309,Rslm72254
2308,Jeremyduns
2307,Charstevens97
2306,Darkhorsecomics
2305,Teena_797
2304,Lilreese300
2303,Qotring
2302,Criscyborg
2264,Firewise
2262,Harrisgle
2194,Slatukip
2218,Ag_usa
2212,Sopameer
2213,Battle_dom
2214,Basedlarock
2215,Drewwtaylor
2216,Anathemazhiv
2217,Misscharleywebb
2219,Cumcovered
2261,Instapundit
2220,Discoverycntr
2221,Evaaasr
2222,Armageddon????
2223,Neoprogressive1
2224,Kevr_7
2225,Trpreston01
2211,Djknyce
2210,Spinnellii
2209,Immortaltech
2208,Fbi
2207,Yu_nita99
2206,Rossmartin7
2205,Rockefelleruniv'heiress
2204,B1grego
2203,Paul_staubs
2202,Saladinahmed
2201,Ritzy_jewels
2200,Allinwithchris
2199,Pixelcanuck
2198,Gwfrazee
2197,Eco11c
2196,Crazydoctorlady
2195,Jessienovoarp
2226,Lynchonsports
2227,Muncle_jim
2228,_oliviaann_
2246,Gilmoreguysshow
2260,Vimvith
2259,Wwwbigbaldhead
2258,Luke5sos
2257,Robsimss
2256,Imtariik
2255,Sorry
2254,Locke_wiggins
2253,Oprah
2252,Ririnsider
2251,Alifaditha
2250,Trickxie
2249,Sureshprabhu
2248,Magnums
2247,P45perez
2245,Anhqdc
2229,Summerhallery
2244,Tblack
2243,Bbc5live
2242,Giantgiantsound
2241,Aitchkaycee
2240,Pozarmy
2239,Audreyp77
2238,Lordofbetrayal
2237,Christielinford
2236,Nafeezahmed
2235,Intelligencebar
2234,Termn8r13
2233,Vivian_giang
2232,Vp
2230,Kasiadear33
2050,Strawberrysoryu
2048,Officialrealrap
1772,95roots
1866,Vets78734
1860,Chaselabsports
1861,Bornverified
1862,Iamrrsb
1863,Govwalker
1864,Brianboru67
1865,Mihirssharma
1867,Hdumpty39
1841,Djeddygnj
1868,Montroseband
1869,Boironusa
1870,Leiaorganasolo
1871,Wars_goddess
1872,Mediaguido
1873,Nsit_
1859,Vannuyscouncil
1858,Effiedeans
1857,Adrian_peel
1856,Jeromekem
1855,Rondarousey
1854,Jagexsupport
1853,Windowgatribble
1852,Zaibatsunews
1851,Alekalicante
1850,Loupascale
1849,Rushlimbaugh
1848,Xojademarie124
1847,Lindsay_wynn3
1846,Mariaf30
1845,Mr_aamir_javaid
1844,Jeffpalmer16
1843,Alamodc!
1874,Dateswhitecoats
1875,Tourofutah
1876,Kadiegrr
1894,Laurathorne97
1908,Expressandstar
1907,Rupaul
1906,Rejectdcartoons
1905,Hail_youtsey
1904,Joxroundtable
1903,Allday_cumshots
1902,Marleyknysh
1901,Wealilknowa
1900,Johnjcampbell
1899,Beenghosting
1898,Brento_bento
1897,Empirikgaming
1896,Theatlantic
1895,Jannellix0
1893,Simply_vain
1877,Justjon
1892,Nfl
1890,Dieanpink95
1889,Tonycottee1986
1888,Nfpa
1887,Repjohnkatko
1886,Sanjaynirupam
1885,Mount_wario
1884,Stonebrewingco)
1883,Bungie
1882,Akumareisu
1881,Greenharvard
1880,Colorlines
1879,Acmilan
1878,Stuartbroad8
1842,Milioooo_
1840,Nennicook
1910,Jamiegriff97
1796,Radioriffrocks
1790,Dannyoneil
1791,Yougov
1792,Mapmyrun
1793,Samsmithworld
1794,Abninfvet
1795,Pseudojuuzo
1797,Pattyds50
1839,Aiiamericangiri
1798,Jennellensbb
1799,Perrybellegarde
1800,Elijahmallari
1801,Keithyyl
1802,Johnejefferson
1803,Spaceangelseven
1789,Gemmasterful
1788,Robthier_en
1787,Cbc
1786,Repdonbeyer
1785,Gayler1969
1784,Randallpinkston
1783,Ilnewsflash
1782,Teampalestina
1781,M00nf00l
1780,Abysmaljoiner
1779,Steph93065
1778,Healthweekly1
1777,Muazimus_prime
1776,Ntvde
1775,Clairecmc
1774,Gbay99
1773,Ryrotheunaware
1804,Vvorm
1805,Heavybag201
1806,50shadezofgrey
1824,Justthebottle
1838,Nycbuildings
1837,Nickscomics
1836,Mlstransfers
1234,Fadelurker
1834,Rioslade
1833,Zaire2005
1832,Primalkitchen
1831,Early__may
1830,Seattletimes
1829,Emiliorivera48
1828,Fpine
1827,Jlester34...
1826,Zamtriossu
1825,Vivianunhcr
1823,Juliekragt
1807,Scynic1
1822,Vicken52
1821,Tigersjostun
1820,Mirmanda11
1819,Hereticofethics
1818,Tomfromireland
1817,Jcomanse
1815,Huyovoetripolye
1814,Popehat
1813,Iflcanada
1812,Hushlegs
1811,Bonnieg434'
1810,Stephanenny
1809,Barthubbuch
1808,Aleisstokes
1909,Thisisperidot
1911,Angelheartnight
2047,Un_women
2005,Nashvillefd
1999,Necn
2000,Middleeasteye
2001,Kendra_leigh13
2002,Codycarnes
2003,Katiecool447
2004,Time
2006,Christinartnd
1980,_animaladvocate
2007,Ethereal_7
2008,Folieacat
2009,Jaclynsonne
2010,Resigninshame
2011,Cbsdenver
2012,_freemarketeer
1998,Megatronafc
1997,Mtgrotto
1996,Taylorswift13
1995,Spencer_fearon
1994,Lumixusa
1993,Usdot
1992,Jackwilshere's
1991,So
1990,Mirrorlady2
1989,Deccgovuk
1988,Taxstone
1987,_edvinnn
1986,Hannomottola
1985,Hanna_brooksie
1984,Alhanda
1983,Icequeenfroslas
1982,Dapurplesharpie
2013,Mili_5499
2014,Deliciousvomit
2015,Huffpostuk
2032,Mwlippert
2046,Braves
2045,Galloway4mayor:
2044,Cunayyh
2043,Neur0sis
2042,Badr58
2041,Hromadske
2040,Edgarsgift.
2039,Bjpsamvad
2038,Aace_org
2037,Jengriffinfnc
2036,Tokteacher
2035,Xavier_marquis
2034,Ndzedze
2033,Reince
2031,Stefanejones
2016,Dlin71
2030,Peterdutton_mp
2029,1rockstar62
2028,Arsenal
2027,Msmiggi
2026,Mchapmanwsaz
2025,Starbuck_scully
2024,Kttape
2023,Ronin_carbon
2022,Emilymcfcheslop
2021,Bbc
2020,Natasha_rideout
2019,Vitalvegas
2018,Annihilation
2017,Progress4ohio
1981,Rockefeller_chi/
1979,Gassymexican
1912,Youngsafe
1936,Wineisdumb.com'
1930,Emmachosenone
1931,Jaycootchi
1932,Cityofkamloops
1933,Kalinwhite
1934,Iaff36
1935,Chloeunguyen
1937,Ashton5sos
1978,Tneazzy
1938,Billgates
1939,Sagacioussaber
1940,Zacb_
1941,Newcity
1942,Izi_garcia
1943,Sureshpprabhu
1929,Nemesisk_pes
1928,670thescore
1927,Cozmo23
1926,Producthunt
1925,Djcoreygrand
1924,Nosy_be
1923,Thewebbeffect19)
1922,Leashless
1921,Slimebeast
1920,Grantgordy
1919,Xdojjjj
1918,Tithenai
1917,Drphil
1916,Bree_mars
1915,Hsjb215
1914,Kylekrenek
1913,Xtra1360
1944,Adultblackmale
1945,Acebreakingnews
1946,Libertybell1000
1963,Mooniighthunty
1977,Aida_de
1976,957thegame
1975,Z3ke_sk1
1974,Gordon_r74
1973,Riceechrispies
1972,Nolesfan05
1971,Evebrigid
1970,"Thisishavehope

"
1969,Shimmyfab
1968,Humofthecity
1967,Dccomics
1966,Bluntedjayt
1965,C7
1964,Drewscanlon
1962,Heidia1438
1947,Teeess
1961,Coxytown
1960,Meaganerd
1959,Rorington95
1958,Cuddlesforjen
1957,Montalbanony
1956,Billharris_tv
1955,Jessica_stclair
1954,Nkeajresq
1953,Hikagezero
1952,Sqwizzix
1951,Ya_boi_luke
1950,Pussyxdestroyer
1949,Kevinedwardsjr
1948,Falphil
1235,Akcsl
1167,Soapscoop
1233,Msf_sea
484,Cnni
478,Dwarfonjetpack
479,Bre_morrow
480,Mzgraciebaby
481,Reshareworthy
482,Ymcglaun:
483,Telegraphworld
485,Slone
459,Stephen_georg
487,Amznfavorites
488,Brittsand9
489,Ronwyden
490,Megancoopy
491,Jasoncundy05
492,Flavafraz21
477,Kjfordays
476,Mailonline
475,Dyannbridges
474,Creationsbykole
473,D1ff3r3nt1sg00d
472,Acaciapenn
471,Euro
470,Seattledot
469,Suryaray
468,Kristenkoin6
467,Rbcinsurance
466,Hopeinhearts
465,Crabbycale
464,Nkulw
463,Funkflex
462,Kimkardashian
461,Rjkrraj
493,Briannafrost
494,Kainyusanagi
495,Frautrapani
512,Chriscesq
527,Saintrobinho86
526,Norwaymfa
525,Alexandrapullin
524,Gregorysanders
523,Texansdc
521,Lesley_mariiee
520,Weapon_x_music
519,"Doningtondash
11am"
518,Susanj357
517,Urufusanragu
516,Troyslaby22
515,Asterpuppet
514,Darkndtatted
513,Fullscreen
511,Baskgod
496,Itsqueenbaby
510,Detkenlang
509,Argentings
508,Tackettdc
507,Bobbyxfisher
506,Msmigot
505,Catwoman1775
504,9tarbox
503,Cali74142290
502,Masochisticmage
501,Drsarwatzaib070
500,Jakegint
499,Chemical_babe
498,Brandonskeie
497,Adanne___
460,Aliveafter5
458,Lightning_wolf_
529,Newscomauhq
415,O_magazine
409,Kamunt
410,Chillimik
411,Mayoroflondon
412,Hebrooon
413,Laylovetournay
414,Dirk_trossen
416,Insubcontinent
457,Tellyfckngo
417,Jenniferarri_
418,Msoreo_
419,J3lyon
420,Welles_7
421,Annajhm
422,Mrtophypup
408,Jannet2208
407,Cncpts
406,Elisagxrcia
405,Funkylilshack
404,Canonusaimaging
403,Marcoarment
402,Niallhariss
401,Carlachamorros
400,Jeannathomas
399,Michaelwestbiz
398,People
397,Mustachemurse
396,Vagersedolla
395,Lindasocvat
394,Suny_orange
393,Benaffleck
392,Ebolatrends:
423,Jaymcleanauthor
424,Samajp32
425,Militarydotcom
442,Meganbee92
456,Iamhorsefly
455,Dwilliams313
454,Stacedemon
453,Bigperm28
452,Laurenjauregui
451,Uabstephenlong
450,Beyonce
449,Austinpearcy22
448,Martynwaites
447,Salmanmydarling
446,Kallemattson's
445,Vinustrip
444,Szmnextdoor
443,Mrmikeeaton
441,Zxathetis
426,Willienelson
440,Slopeofhope
439,Dw_english
438,Vickie627
437,Alvinnelson07
436,Splottdave:
435,Ictyosaur
434,Rvfriedmann
433,Hellfire_ev
432,Nro
431,Leandotorg:
430,Grtvnews
429,Cod8sandscrims
428,Georgous__
427,Huffpostrelig
528,Nwsbayarea
530,Natgeo
1232,Willhillbet
624,Theboyofmasks
618,Damnaarielle
619,Theblackshag
620,Teamatowinner
621,Marvel
622,Mariankeyes
623,Slosheriff:
625,Erker
599,Amaramin3
626,Cagov
627,Ymcglaun
628,Jimmozel
629,Furiosoxv
630,Colts
631,Droughtgov
617,Emily4everever
616,Aberdeenfc
615,Torontorc
614,Thejenmorillo
613,Groupon_uk
612,Blakeschmidt
611,Argus_99
610,Toddyrockstar
609,Thecomedyquote
608,Burberryant
607,Soonermagic_
606,Petchary
605,Blazing_ben
604,Savagenation
603,Destinythegame
602,Cheetosarabia
601,Sputnikint
632,Gilderoy
633,Animallogic
634,Josebasedgod
651,Siren_song21
665,Quora
664,Binellithresa
663,Carolinagutierr
662,Theburnageblue
661,Grabakahitman
660,Chelsea_dogs
659,Kasitaroch
658,Mmchale13
657,Abc3340
656,Tonyhsieh:
655,Uptown_jorge
654,Gotriangle
653,Indiepopmom
652,Attjcdemos
650,Therealrittz
635,News4buffalo
649,Dead_dreamer15
648,Morehouse64
647,Whvholst
646,Eric_tsunami
645,Devon_breneman
644,Missleylaha
643,Praiz8
642,1acd4900c1424d1
641,_gaabyx
640,Tim_micallef
639,Sauldale305)
638,Faze_rain
637,Ageekyfangirl14
636,Marynmck
600,Jmcwrites
598,Abcnorio
531,_itsmegss_
555,Dalailama
549,Kemal_atlay
550,Marginoferror
551,Stevenontwatter
552,Cinla1964
553,Silverhusky
554,Thetshirtkid
556,Riverroaming
597,Collideworship_
557,Longbreastyat
558,Coach_keith44
559,Caixxum5sos
560,Papcrdoll
561,Thomashcrown
562,Nagel_ashley
548,Amumumux
547,Afk_10
546,Stvmlly
545,Robertoneill31
544,Robertbenglund's
543,Hgf52611
542,Tim_a_roberts
541,Upi
540,Createdunique23
539,Kinder_morgan
538,Nprfreshair
537,Honeybunzgem
536,Freemurphy
535,Cloydrivers
534,Daisycuttertz
533,Todayngr
532,Marek1330
563,Victoriagittins
564,Netkicorp
565,Ablaze
582,Coldmpress
596,Volcano_tornado
595,_reddevil4life_
594,_ohhsehuns
593,Ruddyyyyyy
592,Nathanfillion
591,Gorpuazikinak
590,Darrellissa
589,Surf_photo
588,Mutek_montreal.
587,Cyhitheprynce
586,Bbcwomanshour:
585,Crimsonfuckingv
584,Rubi_
583,Aptly_engineerd
581,Rachelrofe
566,Countermoonbat
580,Ing
579,Petel_mcguire
578,Likeavillasboas
577,Yahoocare
576,Disneyirh
575,Mageavexis
574,Silent0siris
573,Behindashield
572,Luzukokoti
571,Deadlydemi
570,King_naruto_
569,Molly_the_tanz's
568,Canagal
567,Kirkmin
391,I_amtalia
390,Joshacagan
389,Fiendnikki
206,Biggangvh1
200,Navista7
201,Darchambau
202,Lilithsaintcrow
203,Cortneymo_
204,Aubilenon
205,Huffpostarts
207,Stephaniemarija
180,Shipsxanchors
208,Justintrudeau
209,Chrisman528
210,Crobscarla
211,Elgeotaofeeq
212,Astros
213,Rickybonessxm
198,Ladyfleur
197,Apano55
196,Mauds99
195,Offtrackhorse
194,Runjewels
193,Rokiieee_
192,Kalinandmyles
191,Greenharvard:
190,Lenkaiswaifu
189,Northbayhealth
188,Elielcruz
187,Joegoodmanjr
186,Hlportal
185,Tadhgtgmtel
184,Alipaper:
183,Klarajoelsson
182,Abc7chicago
214,Okgabby_
215,Mark_argent
217,Freddiedeboer
235,Zaynmaiikist
249,Medic914
248,Ijournal
247,Fuckyeahcarey
246,Mackinnon08
245,Icymagistrate
244,Dailyliberal
243,Taaylordarr
242,Mzmandilynn
241,Remainontop
240,Unrealtouch
239,Mariahcarey
238,Sophieingle01
237,Charlieputh
236,Sarahmcpants
234,Candace_dx
218,Howardu
233,Lucysforsale
232,Dylanmcclure55:
231,Dcclothesline
230,Assassinkpg
229,Cowgirllawyer
228,Cia
227,Billmccabe
226,Wesleylowery
225,_keits:
223,Durrellb
222,Thatwitchem
221,5hvzlaradio
220,Kezi9
219,Abbyairshow
181,Frackfreelancs
179,Paddytomlinson1
388,Graysondolan
135,Furtrix
129,Durban_knight
130,Nypdnews
131,Brobread
132,Joedawg42
133,Ybtheprophet
134,Dccc
136,Katiekatcubs
178,Wfaaweather
137,Savannahross_4
138,Hoodedu
139,Sweetiebirks
140,2for1lapdances
141,Chxrmingprince
142,Rodarmer21
128,Nervana_1
127,Eac4au
126,Emaaalay
125,Wired:
124,No_periferico
123,Sensanders
122,Thomasvissman22
121,Adamrubinespn
120,Kunalkapoor
119,James_justus
118,Pxnatosil
117,Imsushickoflove
116,Tanstaafl23
115,Thatpersianguy
114,Noahshack
113,Pydisney
112,Tradcatknight
143,Habbo
144,Silverstar58200
145,Suelinflower
162,Dramaa_llama
177,Atchisonsean
176,Rainforestresq
175,History
174,Wowsavannah
173,Tennoatax
172,Joelsherman1
171,Cameronciletti
170,Dicehateme
168,Raychielovesu
167,Katunews
166,Hashtagteaclub
165,Travelelixir
164,Ap)
163,Haley_whaley
161,Lovemywife1983
146,Oliviaapalmerr
160,Lordbrathwaite:
159,Karijobe
158,Hurricane_dame
157,Rottentomatoes
156,Questergirl
155,Chrisdanielshow
154,Strickskin
153,Siren_voice
152,Seanpeconi
151,Titortau
150,Tprimo24
149,Heyot6
148,Angusmacneilsnp
147,La_siren
250,Myfriendmina
251,Optich3cz
252,Valdes1978
346,Flickershowell
340,Nashhmu
341,Brianroemmele
342,Att.
343,Jasonpope2
344,Jusreign)
345,Fredolsencruise
347,Panic
253,Kapokekito
348,Flowri
349,5sosfamupdater
350,Boyinahorsemask
351,_dangerousbeans
352,Dianneg:
353,Zachlowe_nba
338,Kshllcenterpri1
337,Bapusuratsingh
336,Theellenshow
335,Foxnewsinsider
334,Iafflocal4416
333,Breachgamingorg
332,Davidcovucci
331,Tennessean
330,Quotesttg
329,Drmartyfox
328,Financialtimes
327,4tiles
326,Kuualohax
325,Mayhem_114
324,Roanoketimes
323,Brodyfrieling
322,Epcotexplorer
354,Calestous:
355,Orbette
356,Wo
373,Almusafirah_
387,Nxwestmidlands
386,Detroitpls
385,Soonergrunt
384,Iceland_review
383,Troylercraft
382,Uber
381,Untameddirewolf
380,Allen_enbot
379,Femalegilgamesh's
378,Mistresspip
377,Washingtonpost
376,Raabchar_28
375,Ticklemeshawn
374,Madisonpa_
372,Thatrussianman
357,Kpcc
371,Lauradeholanda
370,_doofus_
369,Utahcanary
368,Welshninja87
367,Demetae12
366,Entershikari
365,Pragnik
364,Libertarianluke
363,Schelbertgeorg
362,Oct336
361,1:08
360,Benignovito
359,_asianshawtyy
358,Keithboykin
321,Ohmyloz
320,Dannyraynard
319,Epic_insanity
269,Brokenscnecal
283,Danielsahyounie
282,Gailsimone
281,Doctorfluxx
280,Dopeitsval
279,Ellenfromnowon
278,Beauscoven
277,Firstpostin
276,Ciaramckendry
275,Kotowsa:
274,Cvinch_waow
273,Newyorkcity
272,Kristyleemusic
271,Sammysosita
270,Leedsrouge
268,_charleyisqueen
285,Aisumage
267,Chibi877
266,Bekah__w
265,Wonderousallure
264,Jackmulholland1
263,Officeofrg
262,Ebrointheam
261,Kaputt21
260,Raineishida
259,Writebothfists
258,Dr_baseball41
257,Pollster
256,Gurmeetramrahim
255,Bbcengland:
254,Tobias_ellwood
284,Chubychux:
286,Modnao23
318,Messnermatthew
303,Thewesterngaz
317,Chambered_blood
316,Girlthatsrio
315,Toxicsavior_
314,Usatoday.
313,Deedee_casey
312,Angel_star39
311,Pageparkescorp
310,Rayquazaerk
309,Heyseto
308,Benjm1
307,Proudgreenhome
306,Cacheadvance
305,Vzwsupport
304,Cstsmith
302,Buffoonmike
287,Stationcdrkelly
301,Meshnewsdesk
300,Lauren_miller_7
299,Wrongdejavu
298,Kristindavis
297,Latechwatch
296,Awickedassassin
295,Rvacchianonydn
294,Battleroyalemod
293,Classycolkett
292,Hinterestin
291,Carneross
290,Drrichardbesser
289,Guiltygearxxacp
288,Tiggr_
666,Sonofbaldwin
667,Sinkingshipindy):
668,Jagexhelpdibi
1049,Adriasimon_:
1043,Ollymursaus
1044,Onu_france
1045,Argentaelite
1046,Ddnewslive
1047,Legacyofthesith
1048,Hollyorange8
1050,Collapsed
1024,Joonma_
1051,Queenwendy_
1052,Zhenghxn
1053,_bookofdaniel
1054,Bldrcosheriff
1055,Lilitan
1056,Hellonwheelsamc
1042,Organicallyrude
1041,Myrtlegroggins
1040,Nbcpolitics
1039,Halljh1720.
1038,Carsonrex
1037,Erinmariefishy
1036,Drothvader
1035,Tidalhifi
1034,Nikistitz
1033,Eganator2000
1032,2:09
1031,Snazzychipz
1030,Mwnhappy
1029,Marc_holl
1028,Sonofliberty357
1027,Vilelunar
1026,Klavierstuk
1057,û_
1058,Haydnexists
1059,Warlord_queen
1076,Threatconnect
1090,Live_workshop
1089,Sapphirescallop
1088,Gpaulista5
1087,Officialmqm
1086,Bv
1085,Laphamsquart:
1084,Thehammers_
1083,Snowywolf5
1082,Julian_lage
1081,Perkpearl
1080,Ibeyiofficial
1079,Meyerbjoern
1078,Aiginsurance
1077,Whitehouse
1075,Fionagilbert_
1060,Tuicruises
1074,Emiiliexirwin
1073,David_hurn
1072,Fotofill
1071,Soak...
1070,Missdaoh
1069,Eles_kaylee
1068,Kabarmesir
1067,Richarkkirkarch
1066,Macdaddy_leo:
1065,Whippenz
1064,Piprhys
1063,Itss_selenaluna
1062,Rhee1975
1061,Tammy_w1997
1025,Sarniamakchris
1023,Sourmashnumber7
955,Thoutaylorbrown
980,__ohhmyjoshh
974,Lawfulsurvivor
975,Kinkyconnors
976,Adamnibloe
977,Jwalkerlyle
978,Gerryconnolly
979,Danhrothschild
981,Smallforestelf
1022,Kylewappler
982,Newsarama
983,Jt_ruff23
984,Kessily
985,Whedonesque
986,Infinitegrace7
987,Pantalonesfuego
973,Dailytimesngr.
972,Forest.fires
971,Catovitch
970,I_electrocute
969,Bobbyofhomewood
968,Fairx818x
967,Calfreedommom
966,Halloikbenwill
965,Freedomoutpost
964,Okcfox
963,Modelbubbles
962,Bi_video
961,Hellotybeeren
960,Aphyr
959,Soundcloud
958,Cyclone_reizei
957,Rebeccaforreal
988,Wizkidayo
989,Bomairinge
990,__srajapakse__
1007,Wxii
1021,Vienna_butcher
1020,Beckyfeigin
1019,Space_wolverine
1018,Clnv_
1017,Arobotlegion
1016,Enzasbargains
1015,_301dc
1014,Lexi_purduee
1013,Mrsbinker
1012,Jasminehuerta24
1011,Stallion150
1010,Darkreading
1009,Alaska
1008,Bcfcticketlady
1006,Dreamoforgonon
991,Icc_realckt
1005,Zourryart
1004,Catoinstitute:
1003,Billy_hodge
1002,Ahhtheenikki
1001,J2bone:
1000,Themale_madonna:
999,Drag0nking0201
998,Deb117
997,Cspanwj
996,Bellalinn
995,"Irishirr
"
994,Abandonedpics
993,Deeeznvtzzz
992,Youssefyamani
1091,Myvintagesoul
1092,Broseidonrex
1093,Aphl
1188,Sophiewisey
1182,Connormidd
1183,Tunes_wgg
1184,Sonisoner
1185,Ghostoftheav
1186,Cllrraymogford
1187,Deosl86
1189,Worstoverdose
1094,Cecanf's
1190,Leejasper:
1191,Cqnow
1192,Helene_yancey
1193,Daborsch
1194,Okgooner
1195,Banditregina
1181,20skyhawkmm20
1180,Chrisdyson16
1179,Cjbanning
1178,Markoturner
1177,Stavernise:
1176,Asimtanvir
1175,Ashghebranious
1174,Kakajambori
1173,Kasiakosek
1172,Onegreenplanet
1171,Swiftycommissh
1170,Chubbysquirrel_
1169,Adumbbb
1168,Bigburgerboi55
1166,Drdrewhln
1165,Sonyprousa
1164,Mylittlepwnies3
1196,Blairmcdougall
1197,Bubblycuteone
1198,Swayoung01
1217,Kiro7seattle
1231,Widda16
1230,Squibby_
1229,Alexeivolkov1
1228,Thatsabinegirl
1227,Theghostparty
1226,Scriptettesar
1225,Mochichiiiii
1224,Yahoofinance#hope
1223,Missambear
1222,Ctaztrophe31
1221,Anthxvy
1220,Pianohands
1219,Brrookkllyynnr
1218,Nbc
1216,Emergencymgtmag
1199,Your4state.
1215,Johnfromcranber
1213,Rzimmermanjr
1212,Lisatoddsutton
1211,Cbccalgary
1209,Anonchimp
1208,Pyramidhead76
1207,Adorableappple
1206,Bigsim50
1205,Breakingnewslh
1204,Bonn1egreer
1203,Mixify
1202,Turnedonfetaboo
1201,Zojadelin
1200,Blanksocietyx
1163,Ou_wbball
1162,Meetkakarotto
1161,Lwilliams_13
1110,Gideonstrumpet
1125,Atlbizchron
1124,Ariabrisard
1123,Awadgolf
1122,Stunckle
1121,Devpeace
1120,Ckosova
1119,Bill_roose
1118,Zomatoaus
1117,Robpulsenews
1115,Jamessnyder22
1114,Crowdtappers
1113,Sexydragonmagic
1112,Bbclaurak
1111,Godof_mischief_
1109,Ian_bartlett!
1127,Earths_voice
1108,Tonymcguinness
1107,Chaosmagician97
1106,Deldryden
1105,Tj_robertson2
1104,Dinallyhot
1103,Akgovbillwalker
1102,Dmac1043
1101,Lolgop:
1100,Wisdc
1099,Crowtherjohn
1098,Reriellechan
1097,Kasad1lla
1096,Senfeinstein
1095,Cyberdemon531
1126,Im_razed
1128,Xeni
1160,Im2ad
1145,Elreynetwork
1159,Carajdeievingnc
1158,Mathew_is_angry
1157,Vimeo:
1156,_stiiilo
1155,Rtrrtcoach:
1154,Esquireattire
1153,Highqualitybird
1152,Brittanypetko
1151,Tconnellyrû_
1150,Annealiz1
1149,Messeymetoo
1148,Mockingpanems
1147,Kwislo
1146,Ryleedowns02
1144,Darrylb1979
1129,Omgbethersss
1143,Begforcum
1142,Doylech
1141,Flames_nation
1140,Resolutevanity
1139,Indigo6e
1138,Lisavanderpump
1137,Lolly_knickers
1136,Mogacola
1135,Boomerangtime
1134,Booktubeathon
1133,Stormbeard
1132,Knx1070
1131,Skynews
1130,Apollobrown's
956,Himeruisu
954,Georgegalloway:
669,Shekhargupta
768,Samaritans
761,Harbhajan_singh
763,Weebly
764,Homukami
765,Stankyboy88
766,Truly_stings
767,Christopherszen
769,D_pagexxi:
741,Kiranahmedd
770,Catsandsyrup
771,Tonyakappes11
772,Jewhaditm
773,Mommyisbomb
774,Bettyfreedoms
775,Fnaf_talkmc
759,Southridgelife
758,Mccauleysdesign
757,Ayshun_tornado
756,Donjazzy
755,Freegeezy17
754,Yankees
753,Benkin97
752,Omar_molina036
751,Worldnetdaily#homosexuality
750,Sethalphaeus
749,El_torro_loco
748,Pfannebeckers
747,Mlg
746,Aelinrhee
745,Lasvegaslocally
744,Danielkemp6
743,Fedporn
776,Nwspocatello
777,Minsuwoongs
778,Cdc
795,Jamienye
809,Alexjacobsonpfs
808,Mattcohen4fake
807,Gettinglost
806,Sport_en
805,Scotrail
804,Pyrbliss
803,Blazerfan
802,Jusstdoitgirl
801,Hearitfrompa
800,Supernovalester
799,Shayoly
798,Rawfoodbliss
797,Rangerkaitimay
796,Ego_resolution
794,Lightumupbeast
779,Chr3lyc
793,Sayn_ae
792,Chestertweetsuk
791,9newsbrisbane
790,Huffpostcomedy:
789,Bang_me_up_guk
788,Asymbina
787,Ik4len
786,Pbohanna
785,Brookesddl
784,Gargron
783,Mickinyman
782,Kelworldpeace
781,Seagull07
780,Sonofbobbob
742,"Cameron_wate
"
739,A__cee
953,Sabcnewsroom
694,Damidnighter
688,Reds
689,"Sarahksilverman):

soundtrack"
690,Deezercolombia
691,Thesmallclark
692,Radychildrens
693,Peterhowenecn
695,Kushwush
738,_rosewell
696,Daughterofnai
697,Auntiedote
698,Bilsko
699,Kg4vaal
700,Starflame_girl
701,Hendy_21
687,Teamvodg
685,Kopiteluke1892
684,Spicybreads
683,Robbiewilliams
682,Vixmeldrew
681,Bentossell
680,15moferadio
679,Cleverbot
678,Danryckert
677,Sw_trains
676,R_lauren83199
675,Mariasherwood2
674,Jake_adavis
673,Jj_dirty
672,Capicapricapri
671,Greenbuildermag
670,Chojo
702,Jude_mugabi
703,__scrambledeggs
704,Healthandsafety
722,Annmarieronan
737,Bonhomme37
736,Forbes
735,Calgaryfringe
734,Noahcrothman
733,Eeenice221
732,Acousticmaloley
731,Jasalhad
730,Christinalavv
729,Kynespeace
728,Duststormfilm
727,Bmurph1019
726,Thenissonian
725,Mi_country_hick
723,Lizhphoto
721,Chuckswindoll
705,Benji_devos
720,Olliebailey11
719,Hornybigbadwolf
718,Todayng
717,Linkedin
716,Fallontonight
715,666canberra
714,Steveycheese99
713,Allyinwondrland
712,Eazzy_p
711,Randpaul
710,Kevinbacon
709,Count
707,Aphiabeta1907
706,Dviyer
810,Mfalcon21
811,Dinosaurdracula
812,Yahoonewsdigest
911,_chelsdelong12
904,Veronicadlcruz
905,Etribune
906,Optic_scumper
907,Abc7:
908,_dangdaddy
909,Kirafrog
912,Charlesadler
814,Bloodbath_tv
913,Mattmosley
914,Stury
915,Fa07af174a71408
916,Basildudin
917,Gloriavelez
918,Kingmyth1999
903,Codemew
902,Christiec733
901,Coreyashe
900,Weathernetwork?!?!
899,Bryansinger
898,Dauntedpsyche
897,Blazingelwoods
896,Stickynyc
895,Hienshi
894,Hannahkauthor
893,Themaine
892,Davidolszak
891,Temecafreeman
890,Wwexdreamer
889,Thetxi
888,Itsnasb
887,Eunice_njoki
919,Flyopinemonkey
920,Freefromwolves
921,Alfapedia
938,Kircut1
952,Eggalie
951,Rjg0789
950,Eyecuts
949,Glassanimals
948,Seanhannity
947,Drvox
946,Gigagil
945,Casewrites
944,Livescience:
943,Pete_r_knox
942,Reddit
941,Xgn_infinity
940,Holymileyray
939,Geoffrickly
937,Setzorah
922,Janiethekillr
936,Appleofficlal
935,Danemillar1
934,Slikrickdarula
933,Univsfoundation
932,Audaciousspunk
931,Saku_uchiha_
930,Johnsontionne
929,Tremblayeh
928,Lightseraphs
927,Dirk_nomissski
926,Heyitsepark
925,Tonyabbottmhr
924,Sleepjunkies:
923,Swb1192
886,Autoames
885,Ophiuchus2613:
884,Billneelynbc
830,Markwschaefer
845,Shareaholic
843,Evacide
842,Nalathekoala
841,Pam_palmater
840,Flunkie
839,Smoak_queen
838,Aminespn
837,Bizzlemahomie
836,Fkhanage
835,Govjaynixon
834,Eeasterling_2
833,Demolition_d
832,Melrises
831,Zachzaidman
829,Jaureguiswisdom
848,Badastronomer
828,Merycormier
827,Selmoooooo
826,Bbcmtd
825,Nikostar
824,Enews
823,_dmerida
822,Asburyparkpress
821,Lennonparham
820,Wbcshirl2
819,Yahoo7
818,Sholt87
817,Americanlegion
816,Bloopandablast
815,Cranboonitz
846,Realjaxclone
849,Hearitfrompatty
883,Moorlandschmbr
866,That_fat_guy
882,Machinegunkelly
881,Danagould
880,Abcnews24
879,Author_mike
878,Todd_calfee
877,Kathrynschulz
876,Smusx16475
875,Dani_riot
874,Adamtuss
873,Scottdpierce
872,Sundercr
869,Tr_jdavis
868,Connorfranta
867,Safyuan
865,Pixeljanosz
850,Nicklee8
864,Dmassa5
863,Onihimedesu
862,Kamkasteiiano
861,Tanslash
860,Comcastcares
859,Keampurley
858,Ihhen
857,Asukager
856,Robertharding
855,Brooktekle_
854,Luke_winkie
853,Johndcgow
852,Defendbutera
851,Bbctms!
2333,Girlslovecum
