,Hashtag
1,News
0,Hot
1609,Best
1167,Prebreak
3,Nowplaying
4,Hiroshima
2,Earthquake
5,Gbbo
1217,Jobs
22,World
129,Islam
59,Japan
40,India
975,Job
11,Sismo
34,Yyc
205,Nuclear
78,Abstorm
235,Fashion
6,Directioners
17,Rt
9,Emmerdale
1480,Edm
153,Nursing
8,Beyhive
1068,Dnb
7,Handbag
24,Wildfire
21,Irandeal
1965,"Isis
"
454,Disaster
1887,Dance
1888,"Truth
"
1938,"God
"
15,Dubstep
1939,Icesû_
1168,"Bbc
"
1610,"Cnn
"
1991,"Quran
"
1995,Lies
18,Okwx
76,Mtvhottest
180,Fukushima
1980,"Terrorism
"
1807,"Islam
"
13,Worldnews
12,Animalrescue
14,Wx
102,Hiring
109,Business
1169,Trapmusic
1210,Seattle
36,Tcot
16,"News
"
368,Rohingya
121,Photography
174,Art
72,Military
761,Drought
187,Africa
23,Breaking
19,Prophetmuhammad
20,Bestnaijamade:
30,Wmata
852,û_
424,Usa
1212,Us
25,Course
1170,Womens
80,Kindle
26,Tubestrike
723,Tech
159,Emergency
1611,Sittwe
192,Summerfate
203,Wildfires
213,Iphone
598,Quote
926,Preparedness
92,Science
1180,Armageddon
1177,Hailstorm
99,Kerricktrial
1171,Genocide;
81,Pakistan
58,Np
41,California
45,Technology
31,Lgbt
33,Tbt
35,Socialnews
43,Phoenix
32,Allah
37,Strategicpatience
39,Soundcloud
38,Myanmar
55,1
65,Isis
27,Pantherattack
28,Afterlife
29,Islam!
64,Usgs
1808,Models
53,7
229,Bb17
86,Nsfw
52,Worstsummerjob
48,Flood
49,Sandiego
667,Radio
42,Weather
166,Fire
74,Denver
44,360wisenews
635,Ems
861,Hellfire
70,Refugees
63,"Antioch

http://t.co/viwxy1xdyk"
1173,Votejkt48id
704,Reddit
46,Kca
1889,Mayhem
57,Pbban
56,Love
1220,Listen
60,Hiring!
47,Mets
1135,Video
54,Rockyfire
61,Fettilootch
1174,Terrorist
1588,Terrorism
1187,Dependency
1185,Somalia
62,Otrametlife
1181,Hostages
1013,Uk
945,Bioterrorism
1176,Japì_n
1175,Ramag.
150,Bluejays
50,Idfire
51,Zionist
96,Breakingnews
105,Chemical
1172,Slanglucci
900,Flooding
97,Newyork
138,Mh370
113,Free
88,Thunder
1391,Accident
234,Palestine
125,Hurricane
1190,Artistsunited
1189,China
1810,Magginoodle
1188,Sm
107,Manchester
1186,Bioterror
108,Foodscare
1184,Wealth
82,Farrakhan
1981,Ts
1183,Blowmandyup
1182,Til_now
1179,Ibooklove
1178,Offers2go
112,Breaking:
461,Thunderstorm
1299,Environment
1811,Casper
230,Auspol
1992,Nri
1164,Bbc
2000,Trs
122,Nyc
2003,Tdp
124,Insurance
2005,Bjp
236,Russia
1191,Cool
1967,Ap
436,Cnbc
1222,Apocalypse
1216,Miami
95,Photo
94,Usnwsgov
93,Mh370.
85,Gilbert23
91,Mlb
90,Ultimalucha
1211,Avalanche
89,Rockin
1890,Ban
1891,Genocide
1892,Reflect
332,Yycstorm
743,Iran
388,????
98,Faroeislands
106,Newsintweets
1584,Sex
79,Cecilthelion
1966,Nytimes
1193,Traffic
104,Yugvani
103,Koin6news
83,Modiministry
101,Gunsense
308,Reuters
1201,Winter
408,Guillermo
1207,Life
100,Frontpage:
84,Aoms
1940,Humanconsumption
1809,Prison
753,Boston
67,Onlinecommunities
176,Gabon
77,Gamergate
186,???????
219,Mumbai
959,Landslide
1614,Bookboost
68,Buffalo
202,Ebola
1615,Nestleindia
1616,Rickperry
1627,Atlanta
71,Savebees
75,Riot
160,France
161,Gop
193,Harrybecareful
69,Thanku
876,Solar
190,Shoes
188,Metro
152,Blacklivesmatter
185,Oil
206,Arts
1612,Airplane
130,Philippines
1314,Israel
73,Arwx
1433,Porn
132,Mudslide
66,9
147,Gopdebate
211,Saudi
661,Veterans
87,Russian
1613,Forever
403,Talkradio
1672,Trading
1056,Kodiak
811,Njturnpike
972,Traumatised
404,Entrepreneur
649,Abc
806,Palestinian
1388,Southdowns
397,Destroy
401,Simple
1630,Puppy
500,Innovation
400,Syria
605,Yes
1760,Hampshire
1637,Alberta
1430,Iraq
347,Indonesia
1086,Wattpad
1514,Ca
358,Growingupblack
1894,Seduction
1893,Cheyenne
946,Phone
363,Follow
1364,Gawx
645,Cafire
1666,Music
548,Startup
857,War
742,Videoveranomtv
1073,Rain
1873,Ok.
1869,Mì¼sica
1565,Aircraft
1576,Rip
1287,Letsfootball
1049,Hiphop
1005,Health
673,Dvd
591,Chile
894,Standwithpp
905,Scwx
907,Lol
892,Identitytheft
1683,Calgary
1658,Nc
573,Arizona
472,Engvaus
481,Hail
915,Nhl
1814,Undergroundrailraod
456,Radiation
1094,Bitcoin
568,Topstories
1813,Freespeech
1812,Voodoo
469,Malaysia
460,Yazidis
1617,Jonathanferrell
836,Sinkhole
1626,Yahistorical
1622,Nv
1852,Nature
1045,Lightning
415,Auction
1485,Youtube
419,Libya
1483,Forex
1625,Amageddon
1624,Style
1623,Palestinians
666,Funny
1618,Romance
1328,Climate
925,Socialmedia
922,Protectdenaliwolves
1621,Meteoearth?
441,Catastrophe
1790,Money
1620,Computer
1619,Rapidcity
689,Books
623,Liveonk2
1231,Forest
777,Canada
195,Tigers
208,Bakeofffriends
207,Askcharley
204,Paramedic
201,Mufc
200,Afc
199,Loseit
198,Politics
197,Antioch
196,Kisii
194,Sing
1969,Tree
191,Nikeplus:
189,Nowplaying:
184,Sigalert:
183,Ptsdchat
182,4playthursdays.
181,Losdelsonido)
179,Fifa16
178,Routecomplex
177,Amsterdam
209,Blackpool.
210,C4news
212,Autoinsurance
214,Debatequestionswewanttohear
1151,We
1982,Lotz
1984,Treeporn
252,Chernobyl
233,Nosurrender
232,Fitness
231,Metrofmtalk
228,Blessed
227,Bancodeseries
226,Pics
225,Kashmir
224,Infosec
223,Jonvoyage
222,Australia
221,Taiwan
218,Renew911health
217,Priceless
216,Thegame
215,Trump
175,Sinjar
173,Cowboys:
172,Floods
140,Generalnews
137,Royals
136,Demolition
135,Yonews
134,Hiroshima70
133,Amazon
131,Oped
128,Greatbritishbakeoff
127,Indiannews
126,Ovofest
123,Hannaphû
120,Turkish
119,Alaska
118,International
117,Climatechange
116,Dutton
115,Kick
114,Vanuatu
111,Myfitnesspal
110,Kotaweather
139,Alllivesmatter
141,Colorado
171,Obama
142,Security
170,Fukushima?
169,Baltimore
168,5sosfam
167,Mercados
165,Missionhills
164,"Worldnews
"
162,Doublecups
158,Entertainment
157,Mystery
156,Michelebachman
155,Newswatch:
154,Stormchase
151,Tweetlikeitsseptember11th2001
149,Whirlwind
148,Premonitions
146,Arrestpastornganga
145,Ashes
144,Jamaicaplain
143,Imdb
1192,Quake
220,Washingtonpost
1206,Gadgets
1205,Zippednews
287,Pjnet
1223,Modi
1199,Nagasaki
1200,Countynews
290,Fun
1410,Florida
1202,Yazidi
1203,Deluge
1204,Ptbo.
1130,Zionism
1536,Volcano
1526,Ar
1197,Mumbai...
1127,Crash
1125,Sale
335,Anchorage
302,Bangladesh
1208,Listenlive
1209,Luchaunderground
1941,Astrology
1214,Ivanberroa)
1103,Thisiswhywecanthavenicethings
763,Ccot
1213,Rioting
1198,Truelove
314,Ushanka
284,Vancouver
1142,Udhampur
319,Healthcare
1218,Beclearoncancer
1914,Guardian
1219,Cawx
1968,Rtrrt
1194,Billings
1115,Atk
1195,Tsunami
1196,Cs
1215,Pdx911
1221,Globalwarming!!
1527,Lifehacks
1437,P2
1426,Ty
1507,Refugee
1427,Song
1441,Freeallfour
1440,Idlenomore
1508,Injury.
1439,Dogs
1438,Hoc
1428,Airport
1509,Najibrazak
1528,Q99
1510,Anti-terrorism
1429,Calgary.
1436,Crimes
1432,Nagasaki.
1435,She's
1434,Magic
1431,After
1473,Destinationimpact
1425,Revitup
1515,Headlines:
1520,Firemen
1522,Ncwx
1412,Clinton
1523,Syrian
1413,Dontexpectnothing
1519,Ziphimup!
1518,Realestate
1414,Wdyouth
1517,Solicitor
1516,Vegan
1415,Randomthought
1524,Hagerstown
1416,Snowstorm
1525,Floods:
1417,Smem
1418,Heavy
1513,Fant4stic/whatever
1512,Rwa
1419,"Storm:

http://t.co/khyqqsi6my"
1420,Yycwalks
1421,Taxreturn?
1511,Thesteveharveyshow
1422,Worldvision
1443,Cts
1423,Beyondgps
1424,"Evilempire
"
1442,Subway
1451,Paulhollywood
1506,Promo
1444,Tcotåê
1491,Theconspiracytheory
1490,Xboxone
1489,Tvshowtime
1488,Latimes
1487,Scifi
1486,Asap
1484,Gaming
1521,Datingtips
1482,Nhlducks
1481,Followback
1479,Ms
1461,Glanders
1462,Tribal
1478,Followme
1463,Management
1464,Floridians
1465,Gallipoli
1477,Interview
1466,Diyala
1476,Thebargain
1467,Wholeteam3
1468,Manhood.
1469,Opseaworld
1475,Trauma.
1470,"Somalia
http://t.co/ltf6jl5keu"
1474,Harrystyles
1471,Caraccidentlawyer
1492,Ch4
1493,Dua
1494,Gymflow
1501,Elxn42
1505,Deep
1445,Niagara.vehicles
1446,Boweû_
1504,Painting
1447,Tedcruz2016
1448,Azwx
1449,Paramedics
1503,Casualty
1450,Phuket
1502,"Ptsd

http://t.co/t6fuahfp7p"
1472,Whocares
1452,Greetingcardsû_
1500,Plugin
1495,Truestory
1453,Shantae
1499,B2bagency
1454,Moveit
1455,Homs
1456,Content
1457,Mumbairiot92-93
1458,Drone
1498,Trafficnetwork
1459,Japanese
1460,Nlwx
1497,Inspiration
1496,Coke
1411,Drained
1288,Twimbos
1409,Holomua
1268,Hotnewscake
1289,2015
1530,Pussy
1286,Imkeepingmydayjob
1285,Hugomatz
1284,Cleveland
1283,Lessonforlife
1282,Robot
1281,Technews
1280,Conversations
1279,Tripoli
1278,Brooklyn.
1277,Queens
1276,Skardu
1275,Westerncanadadrought
1274,Assnchat
1273,Logistics
1272,Orpol
1271,Kyee
1270,Topnews
1290,Pop2015
1291,Lakeisabella
1292,Iot
1304,Disabledveterans
1312,Doubleghats
1311,Mylifestory
1310,Investing
1309,Uk?
1308,Healthinsurance
1307,Magichairbump
1306,Recipes
1305,Nonucleariran
1303,Newyear
1293,Gms
1302,Olympia
1301,Metrofmtalk'
1300,Demolished
1298,Besafe
1297,22days
1296,Refugeesmatter
1295,Catsofinstagram
1294,Acenewsdesk
1269,Bayarea
1267,Throwback
1315,Jfb
1266,Wod
1243,039;
1242,Bloodbound
1241,Catastrophic
1240,Babies
1239,Ny
1238,"Banthebomb
http://t.co/6g49ywwsqj"
1237,Crush
1236,Load&amp;explode
1235,Savedenaliwolves
1234,Achedin
1233,Roosevelt
1232,Cantwaittoplayinminneapolis
1230,Autism
1229,Paranormal
1228,Watch
1227,Wniagospel
1226,Driverlesscars
1225,Sanelesstheory
1224,"Tepco?
mountains"
1244,Badchoices
1245,Anarchy
1246,Cantmakeitup
1257,Kashmirconflict
1265,Meet
1264,Food
1263,Thereisonlysex
1262,Gfz's:
1261,Canpoli
1260,Wa
1259,Mlm
1258,Geotech
1256,Twins
1247,Funds
1255,Run
1254,Econom
1253,Capeann
1252,Earth
1251,Heywood
1250,Twist
1249,Androidgames
1248,Changefortheworse
1313,Myreligion
1316,Foamcc
1408,Usar15
1362,Cossack
1383,Nghlth
1382,Indiefilm
1381,Nj
1380,Ukfloods
1379,Wzbt
1378,Instagramers
1377,Mix
1376,Bb17.
1375,Doomsday
1374,Lovemydentist
1373,Telangana
1372,Thebookclub
1371,Tafs
1370,Lds
1369,Brucewillis
1368,Libraries
1367,Toronto.
1366,Tragedy
1365,Gokitgo
1384,Nola
1385,Help!
1386,Desolationofsmaug
1399,Csismica
1407,Ergo
1406,Internet
1405,Firefighting
1404,Tuning
1403,Bbloggers
1402,Workers
1401,Realhiphop
1400,Charmed
1398,State
1387,Cadenadeseguidores
1397,Shipwreck
1396,Instaquote
1395,Gas
1394,Wrestleon
1393,Flames
1392,Check
1390,Alaskaseafood
1389,Twcnewsclt
1363,Police
1361,Demonization
1317,Aftershock
1360,Swag
1337,Extinction.
1336,"Tepco?
fukushima"
1335,Special
1334,"20150613
theramin"
1333,Hiroshimaûó
1332,Teen
1331,Companionship
1330,Nra
1329,Cambridge
1327,Europe
1326,Thedarktower
1325,Sustainability
1324,Coya
1323,Wildhorses
1322,Infectiousdiseases
1321,Wrongperson
1320,Cdnpoli
1319,Results
1318,Mpers
1338,Tow
1339,Ftsnnewsdesk
1340,Cold
1351,Fortworth
1359,Avalanche:
1358,Borderlands2
1357,Calfires
1356,Hometownglory
1355,Privacy
1354,Potus
1353,Redblood
1352,Exec
1350,Abbott
1341,Presser
1349,Newyorkû_
1348,Gfe
1347,Pod
1346,Wantmyabsback
1345,Soothmyslumber
1344,Orchardalley
1343,Restoringpaths
1342,Mexico
1529,Zombiefunrun2014
1654,Seagulls
1531,Bored
1838,Ebay
1848,Shape
1847,Bomb
1846,Courts
1845,Skinny
1844,Nintendo
1843,Wahhabism
1842,Programs
1841,Hockey
1840,Abandoned
1839,Wedding
1837,Destruction
1878,Smallbiz
1836,Electronicmusic
1835,2minutemix
1834,Tampabay
1833,Italian
1832,365disasters
1831,Boobs
1830,Chester
1829,Durant
1828,Endoccupation
1827,Iamdowntown
1849,Mobile
1850,Cannabis
1851,Yazidi_shingal_genocide
1853,Pilot
1876,Team
1875,Rrbc
1874,Ey
1872,0215
1871,Comedy
1870,Dublin
1868,"9973

$16.99"
1867,Pitmix
1866,Likes
1865,Mgtab
1864,06
1863,"Cri
http://t.co/gxqwd1qzbd"
1862,Triciaoneill
1861,Alrasyid448iturasya
1860,Oregon
1859,Thehobbit
1858,Preppertalk
1857,Binladen
1856,Survived
1855,Ut
1854,Deaths
1826,Suspense
1825,Jiwonle
1824,"Failure.
"
1791,Playoffs
1788,Brochure
1787,Diet
1786,Israeli
1785,Markets
1784,Hempoil
1783,Nuclearweapons
1782,Nuke
1781,Act
1780,Cyber
1779,Netlabel
1778,Adjust
1777,Biblestudy
1776,Lnp
1775,Specialneeds
1774,Askforalaska
1773,"Ww1
http://t.co/t4fvvnrpc5"
1772,Houston
1771,Firetruck
1770,Animals
1769,Job:
1768,Iwontmakeit
1789,Standup
1792,Burnfat
1823,Disney
1793,Movie
1822,Choppergate!
1821,Whitehouse
1820,Chawalchorbjp
1819,Mn
1818,???????????
1817,Afp
1816,Ftw
1815,Yyj
1806,Tfb
1805,Videoclip
1804,Thriller
1803,Standforwolves
1802,Cats.
1801,Nasty
1800,Summerinsweden
1799,Energy
1798,Ugc
1797,Hailstorm...
1796,Atombomb
1795,Shtf
1794,Aids?:
1877,Irannucleardeal
1879,Uniteblue
1766,Contentmarketing
1955,Amreading
1970,Nigeria
1964,Roh3smantibatam
1963,Or
1962,Nude
1961,Wps
1960,Helsinkiû_
1959,Dumle
1958,Disasterrecovery
1957,Brixton
1956,Gold
1954,Freekashmir
1880,Katt
1953,Turbojet
1952,Ccmusic
1951,2a
1950,Anonymous
1949,09
1948,Landslide'
1947,Yycweather
1946,Clubbanger
1945,Cbs
1944,Runway
1971,Silver
1972,Summertime
1973,Boing
1974,Carfest
2004,Au
2002,1008plaû_
2001,1008planetû_
1999,Stoû_
1998,Wpo
1997,Emsc
1996,De
1994,Mybabies
1993,Wsj
1990,Treescape
1989,G90
1988,Happy
1987,Captureyyc
1986,Cnn
1985,Sirensû_
1983,Freakyû_
1979,Prepper
1978,Banksy
1977,Tube
1976,Image
1975,Dagensû_
1943,Fr
1942,911
1937,Workout
1911,Rescued
1909,Death
1908,Livelihood
1907,Waltdisney
1906,Alps
1905,Playlist
1904,Marijuanaû_
1903,Theresmorewherethatcamefrom
1902,Mom
1901,Katterpì´instagram
1900,Gardens
1899,Asian
1898,Easternoregonû_
1897,Tampa
1896,Shoe
1895,Badkitty
1886,Comingsoon
1885,Waterboarding
1884,Crossfit...
1883,Populardemand
1882,Yycfringe
1881,Blockchain
1910,Crazyweather
1912,Milf:
1936,Porno
1913,Triciaoneillphoto
1935,24
1934,Es
1933,Annonymous
1932,Ezidigenocide
1931,Adult
1930,Cnv
1929,Lava
1928,Haildamage
1927,Rescue
1926,Milledgeville
1925,Co
1924,Aeroplane
1923,Ifunny
1922,Survival
1921,Sanonofre
1920,Bronwynbishop!
1919,Killhard
1918,Endconflict
1917,Jetengine
1916,Komen
1915,Assassinsû_
1767,Back
1765,Tough
1532,Walmart
1599,Piling
1628,Leadership
1608,Haiyan
1607,Labour
1606,Ethical
1605,Hangout
1604,Flattened
1603,Macon
1602,Startups
1601,Trump2016
1600,Annoucement
1598,Newrelease
1659,Stopharper
1597,Arizû_
1596,Shop/collision
1595,Isea2015
1594,Earthtwerk
1593,Brisbane
1592,Texaschainsawmassacre
1591,Christianvalues
1590,Seeyouatamicos...
1589,Hcsm
1587,Cameroon
1629,Cyclone
1631,Watchthevideo
1632,Mormon
1633,Eyefacts
1656,Publichealth
1655,Policy
1653,Rock
1652,Safety
1651,Yolandaph
1650,July
1649,Bantrophyhunting
1648,"Comingsoon
https://t.co/2dw23pmf4b"
1647,Evacuation
1646,Halifax
1645,Oocvg
1644,Canontattoo
1643,"Bethlehem
http://t.co/ph2xli8nve"
1642,Malaysiaairlines
1641,Offshore
1640,Whag
1639,Cakes
1638,Cuff
1636,Yzf
1635,Is
1634,Gymtime
1586,Nwt
1585,Electro
1583,Eye
1556,Baking
1554,Papicongress
1553,Bailout
1552,615!
1551,Film4
1550,Sports
1549,Don'tpanic
1548,Donthate
1547,Collegeradiû_
1546,Expertwhiner
1545,Killed
1544,Lovemyjob
1543,Seismic
1542,Airwaves
1541,Teamscorpion
1540,Chargedup
1539,Menolippu
1538,Hazmat
1537,Robertwelch
1535,Saintsfc
1534,Sorrybutitstrue
1533,Hazard
1555,Langata
1557,Gû_
1582,Aintsheperty
1558,Maps
1581,Foot
1580,La
1579,Roberts
1578,Asia:
1577,Interest
1575,Wine
1574,Atomicbomb
1573,Beyondthebomb
1572,Book
1571,Dfir
1570,Susiya
1569,Tos
1568,Abha:
1567,Nojoke
1566,Videogame
1564,Drjustinmazur
1563,Swim
1562,Hardball
1561,Txlege
1560,Bangladeshflood
1559,Frofrofroû_
1657,Deadgrassandflowers
1660,Procedures
1764,Wdym
1727,Thebachelorette
1737,Poze
1736,Hailstormû_
1735,Trophyhunt
1734,Algeria
1733,Puledo_tech_update
1732,Linden
1731,Badirandeal
1730,Innocent
1729,Strong
1728,"Libya

http://t.co/exil1bkzmp

"
1726,Marinelines
1661,Smallbusiness
1725,Threatintel
1724,Teenfiction
1723,Lake
1722,Henderson
1721,Nå¼36
1720,Sore
1719,Apple
1718,Wild
1717,Live
1716,"Libya

http://t.co/bjjoifzuhl

"
1738,Gravity
1739,Nitclub
1740,Quoteoftheday
1741,Sms
1763,Ambulance
1762,In
1761,Bush
1759,Reading
1758,Wholesaleent
1757,Children
1756,Care
1755,Nba
1754,Tw4rw
1753,Japanjapan
1752,Nightbeat
1751,17)
1750,Dna
1749,Warnerrobins
1748,Tv
1747,Dubai
1746,Minamisoma
1745,Dc
1744,??_????_?????
1743,Shantaehalfgeniehero
1742,Sportsroadhouse
1715,Watermeloann
1714,Clip!
1713,Ndtv
1687,Urbanfashionû_
1685,Thepartyofmeanness
1684,Mfrwauthor
1682,Govegan
1681,Tantonationalforest!
1680,"Libya

http://t.co/k9fbtccu58

"
1679,Lightningstrike
1678,"Cnn

the"
1677,Torrance
1676,Freebitcoin
1675,Infectious
1674,Goodreads
1673,Twia
1671,Strategy
1670,Cern
1669,Newep
1668,Fanarmyfaceoff
1667,Cufi):
1665,Parents
1664,Opp
1663,Otleyhour
1662,Ruor
1686,Slingnews
1688,Patriotsnation
1712,Rainstorm
1689,Jamaica
1711,Xbox
1710,Jadehelm15
1709,Otd
1708,Aus
1707,Coast2coastdjs
1706,Cndpoli
1705,Nieuws
1704,Justice
1703,An247
1702,Indie
1701,Dumuzid
1700,Labourleadership
1699,Global
1698,Saveti...
1697,Gameinsight
1696,Ass
1695,Fb100%
1694,Pizzarev
1692,London
1691,Bitcoing
1690,Les
1693,Vanpoli
1003,Dead
1166,Obliteration
476,Tb
555,Prez.
554,039;monster&amp;
553,Bigbrother
552,Perrychat
551,Irandeal.
550,Elephantintheroom
549,Naturaldisasters
547,Latestnews]
546,Fingerrockfire
545,Beconfident
544,Chicagoscanner
543,8217;t
542,Liveonstreamate!
541,Watersafety
540,Bookmobile
539,Body
538,Grants
537,Edwing
536,Thedoolinggroup
535,Qew
534,Flashflood
533,Cyprus:
532,Burnaby
556,Allthenews
557,Etcpb
558,Snowden
572,Pp15000266858]
583,Nb
582,Jakartapost
581,Homealone2
580,Palermo
579,Follow!
578,Lwb
577,Quotes
576,4
575,Natural
574,Ayekoradio
571,Hitting
559,Thestrain
570,Tookitlikeaman
569,Horrible
567,Republicans
566,Bluehand
565,Gravitymovie
564,Tn
563,Africanbaze:
562,Prayforsaipan
561,Hinatobot
560,Thomassmonson
531,Nz
530,Writingtips
529,Oklahoma
490,Forbes
501,Personalinjury
499,Liveonkbak
498,Eventspalmbeach.
497,"6
tropical"
496,Respect
495,Dynamix
494,Horror
493,Du19
492,Donzilla...
491,Dcubecrafts
489,Abc7eyewitness
503,Icelandreview
488,Bts
487,Gif
486,Legionnairesdisease
485,Murfreesboro
484,Wrecked
483,Loveyouuuu
482,9newsmornings
480,Putin
479,Goodbye
478,Defendant
502,Drum
504,Krefeld:
528,Newsdict
517,Boycottbears
527,Megaquake
526,Illustration
525,Bible
524,Titania
523,Ootd
522,Computers
521,Aerospace
520,Roh3
519,Iwk!
518,Bangalore
516,Tribe
505,Southline
515,Retail
514,Wbc2015
513,Pt:
512,Warcraft
511,Euro
510,Fedex
509,Syria.
508,Artectura
507,Mothernature
506,Chronicillness
584,Lolla
585,Alameda
586,Lungcancer
658,Vail
671,Nazis
670,Fires
669,Hunwx
668,Welovela
665,Eû_
664,Now
663,Fresno
662,Tna
660,Teamsurvivors
659,Property
657,Patriots
674,Bathandnortheastsomerset
656,Queenswharf
655,Kml
654,Rememberrabaa
653,Profittothepeople
652,Nashsnewvideo
651,Vaxshill
650,Comdev
648,Sportinggoods
647,Raining
646,Date
672,Palmoil
675,Manchester.
643,Afterhaiyan
688,Earthquakenews
699,Poster
698,Sizewell
697,Afghanistan:
696,Backtoback
695,Perspective
694,Gishwhes
693,Hs2
692,Scseestapreparando
691,Diversification
690,Escorts
687,I
676,Parkchat
686,Stopevictions
685,Tarzana
684,Nativehuman
683,Accidentalprophecy
682,Metepec
681,Glaucoma
680,Aviationaddicts
679,Spark
678,Families
677,Tnn:
644,Hse
642,Refugees.
587,Yyc!
601,Cle
612,Kuwait
611,Winechat
610,Summer2k15
609,Humble
608,Scraptrident
607,Grupdates
606,Civilian
604,Streetjamzdotnet
603,Ashville
602,Rolandonabeats:
600,999day
614,Survivors
599,Tory
597,Us?
596,Forbesasia
595,Bloodymonday
594,Job?
593,Askh3cz
592,Chicago
590,Lgm
589,Rossbarton
588,Ika
613,Moving2k15
615,Ftsn
641,Shestooyoung
629,Pieceofme
640,Zippoline
639,Shanghai
638,Preppers
637,Roddypiperautos
636,Thexfiles201days
634,Navy
633,Kamloops
632,Menswear
631,Floored4
630,Frvrgrateful
628,Medinah
616,Chinadotcom
627,Latestnews
626,Redsox
625,Spain
624,Benediction
622,St
621,Musicadvisory
620,Paraguay
619,Bokoharam
618,Nffc
617,Freeamirnow
477,Nevada's
475,Ufo4ublogeurope
1165,Tangletalk
474,Lesbian
318,6
317,Kurds
316,Preventative
315,Trc
313,629
312,Weed
311,Arkansas
310,Semasirtalks
309,Romanticsuspense
307,Yr
306,Lonepine
305,Sejorg
304,Breaking411
303,Everydaynaija
301,Pandemonium.iso
300,Mmda
299,Whoops
298,Minions
297,Seattle's
296,Sinking
295,Abcnews
294,Traintragedy
293,Bluebell
320,Wattys2015'
321,Truckcrash
322,Utfire
337,Millcityio
348,Lh_movie
346,Occasion2b
345,Ableg
344,Pearlharbor
343,Lawx
342,Mcgsecure
341,Filipino
340,Suryaray
339,Gadget
338,Copalibertadores
336,Listia
323,Marijuana
334,Helicopter
333,Justaguess
331,Keepingtheviginaclean
330,Msgdoing111welfareworks
329,Red
328,Insomnia
327,Joestrong
326,Muaytai
325,Shoalstraffic
324,Lakeeffect
292,Notgoingoutinthat
291,Riders
289,Evacuate
248,Growingupincoloradoû
259,Smartnews
258,Albany
257,Autismawareness
256,Sacramento
255,Orshow)
254,Jsunnews
253,Sustainable
251,Theneeds
250,Ggindependencmessage
249,Age
247,16
261,Droughtmonitor:
246,Traitor
245,Typhoon
244,Sr14
243,Physician
242,Nook
241,Iheartradio
240,Carlilescanoelivery
239,Professional
238,Dam
237,Littlewomenla
260,Decisionsondecisions
262,140
288,Tweet4taiji
275,Kamindoz
286,Wakeupflorida...
285,Shelli???
283,Gamefeed
282,Explodingkittensû_
281,Weddinghour
280,Trees
279,Adiossuperbacterias
278,Ny35
277,Lifestyle
276,Biztip
274,Lancaster
263,Concert
273,Sun
272,Tms7
271,Omg!
270,Southkorea
269,Vmas
268,Wolves
267,Robotcoingame
266,Feelingmanly
265,Author
264,Yemen
349,Oktxduo
350,Enolagay
351,Neverforget
429,Childsexabuse
440,Latestnews:
439,Entretenimento
438,Worm
437,Arsenal
435,Picthis
434,Humanrights
433,Firefighters
432,Worldwatchesferguson
431,Ashestoashes
430,Doping
428,"Incident
crash"
443,Reidlake
427,Hhbu
426,Hyperbole
425,Nomorehandouts
423,????_?????
422,Natsnation
421,Download
420,Columbus
418,Orapinforma
417,"Nochilllukehammings
im"
416,Thisispublichealth
442,Borrowers
444,Mantra
413,Coppednews
459,Benews
473,Kidscompany
471,Loveislove
470,Bhramabull
468,King
467,Islamic
466,Criticalmedia
465,Shantaeforsmash
464,Canonbringit
463,Vegetarian
462,Osi2016
458,Wcvb
445,Dream
457,Santaclara
455,Oneheartonemindonecss
453,Thatswhatfriendsarefor
452,Justinbieber
451,Mandela
450,Takecare
449,Nws
448,Varagesale
447,Travel
446,Idols
414,Aogashima
412,Montgomery
352,Charminar
366,Sbnation
377,Mudslide...
376,Thorium
375,Tornadogiveaway
374,Oilandgas
373,Kelbytomlinson
372,Notrocketscience
371,034
370,Saudiarabia
369,Cadrought
367,Losangelestimes
365,Orcot
379,Wired
364,Blowltan
362,Insas!
361,Crazyideascollege
360,Coyi
359,Kidsthesedays
357,Lovefood
356,Charity
355,"Indiakomuntorjawabdo

indian"
354,Snooker
353,Wave
378,Internetradio
380,Catfish
411,Raheelsharif
394,Remymarcel
410,History
409,Cc
407,Choosegod
406,Warmbodies
405,Muhamadjabal
402,?x?:
399,Kro
398,Icd10
396,Freedom
395,Heat.
393,Facebook
381,Arsonist
392,Mht
391,452
390,Foxnews
389,Pathogen
387,Speakingfromexperience
386,Valleywx
385,3***n-133
384,Oomf
383,Twisterlovesshania
382,Sydney
700,Desolation
701,Sjubb
702,Stoponesounds
703,Wxky
1018,Tootrue
1017,Portgassdk
1016,Literarycakes
1015,Richhomeydon
1014,Slab's
1012,171
1011,Pt
1010,Insanelimits
1009,Bannukes
1008,Firenews
1007,Nfl
1006,Pakistanûªs
1004,Man
1002,Giveaway
1001,Bahrain
1000,Windows10
999,Euroquake
998,Sanfrancisco
997,Icymi
996,Gunfail
995,Ocnj...
994,Troubleonmymind
993,Deltachildren
1019,Real
1020,Stephenking
1021,Trollingtilmeekdiss
1034,Lukebox
1044,What
1043,Noirandeal
1042,Virus
1041,Cum
1040,163;163;millions.
1039,Plague
1038,Gander.
1037,Cubs
1036,Goblue
1035,Fierce
1033,Roimentor
1022,Coloradoavalanche
1032,Eonlinechat
1031,Sirmixalot
1030,Fn.
1029,Fartanxiety
1028,Flavorchargedtea
1027,Cedarglade2015
1026,Rn
1025,"Disaster.

the"
1024,Insubcontinent
1023,Yiayplan
992,Manchesterlite
991,Usmnt
990,Subs
949,Cubstalk
960,Abomb
958,Bombed
957,Nonprofit
956,Bishopfred
955,7newsadl
954,Britishbakeoff
953,Ppsellsbabyparts
952,Volleyball
951,Difficultpeople
950,Piperwearsthepants
948,Ppact
962,Fantasticfour/
947,Tnwx
944,Wish
943,Vaginaorcake
942,Nwo
941,Bridgetown
940,Kindlecountdown
939,Foxdebatequestions:
938,Bayonets
937,Camera
936,Christians
961,Thinkpink
963,Castle
989,8392
978,Raisinfingers
988,Mumbailocals
987,Movietheatre
986,Morevoices
985,Idwx
984,Galvnews
983,Usar2015
982,Fat
981,Sinjar:
980,Rochdale
979,Grindhouse
977,Trafficalert
964,Askconnor
976,Cumshot
974,Rfp:
973,Harperanetflixshow
971,Fireman
970,Ww3
969,Pp15000266818]
968,Straightfire
967,Socal
966,Nlccollide
965,Fly
1046,Justsaying
1047,Pbs
1048,Cityofmemphis
1121,Jtw
1134,Pixelsmovie
1133,Ineedexposure
1132,Iwasdisappointedby
1131,Asae15
1129,Anxietyproblems
1128,Cochrane.
1126,Masterchef
1124,Drones
1123,Shelli
1122,Tomclancy
1120,Georgecole
1137,Smarttek's
1119,Novalismi
1118,Reno
1117,Govt
1116,Francisunderwood
1114,Mediterranean
1113,Silverwood
1112,38745:
1111,Jazz
1110,Gbbo2015
1109,Africansinsf
1136,Hope
1138,Overwatch
1107,Ksbynews
1153,Emsneû_
1163,124)
1162,Kenya:
1161,Gym
1160,Plannedparenthood
1159,Copped
1158,Nissannews
1157,Boy
1156,Metal
1155,Ijetalerts
1154,Visionzero
1152,Whatcanthedo
1139,Sebee
1150,Storm
1149,Yug
1148,Indiatv
1147,Nj36
1146,Rowysolouisville
1145,Sirensicebreaker
1144,Hwy401
1143,Oneborn
1141,Northerncalifornia
1140,3:
1108,Sad
1106,Thankyou!
1050,Vra50û
1063,Vivaargentina
1075,Hopeinchrist
1074,Writing
1072,Mullah
1071,3novices
1070,4:
1069,Avigdorliberman
1067,Android
1066,Tampa:
1065,Kppolice.
1064,Fdny
1062,Modestmouseremix
1077,Tattoo
1061,Jagm
1060,Bbsnews
1059,"Rt_4_a_mention
"
1058,89x
1057,Greece's
1055,Calwildfires
1054,Thereal
1053,Enkelbiljett
1052,Scichat
1051,Elections
1076,Bc19
1078,Pluto
1105,Rodkiai
1092,Stlouis
1104,Wishlist
1102,Luck
1101,Tanzania
1100,Rewatchingthepilot
1099,Startrek
1098,Unfml
1097,Byebyesoundcloud
1096,Cowx
1095,Momneedscoffee
1093,Toosoon
1091,Interestrateriseû
1079,Meditationbymsg
1090,Childhooddefined
1089,Hillaryclinton
1088,Trucking
1087,Vancouver!!
1085,Fx
1084,Gujaratriot
1083,Deepthoughts
1082,Rubybot
1081,Funtimes
1080,Cbcto
935,Alwx
934,Pugprobs
933,Residualincome
774,Rio2016
785,Chelsea
784,Papiichampoo
783,Childhood
782,Booradleyvancullen
781,Displaced
780,Ge's
779,Gravitychat
778,Helpme
776,Vietnam
775,1-1st
773,Wisdomwed
787,Uswarcrimes
772,Client
771,Ns
770,Tvjnews
769,Lomasvisto
768,Snapchatselfie
767,Pets
766,Shipping
765,Rdg
764,Round2
762,Superfood
786,Skywarn
788,Babri
759,Mta
801,Shooting
813,Adani
812,Homeless
810,Anthrax
809,Zaatari
808,Elderly
807,Boulder
805,Battlefield
804,Ihave44episodesofgg
803,Summer
802,Eyewitness
800,263chat
789,Addtexastonext1dtour
799,Thriller...'
798,Badotweet
797,Growingupspoiled
796,Heartdisease
795,Pandemonium
794,Ferguson's
793,Terror
792,News:
791,Stretcher
790,Funnynews
760,Gh
758,Pitchwars
815,Cliptv
716,Homeimprovement
727,Norge2040
726,Endangered
725,B2b
724,Freesikhpoliticalprisnors
722,Iartg
721,Cutekitten
720,Butgod
719,Bc
718,Allthekidneybeansandsorbet4misha
717,Firstnations
715,Gn
729,Cfc
714,Gloucester
713,Wimbledon
712,Theatershooting
711,Win
710,Amssummer
709,Funnydadcoach
708,Windstorm
707,Finsup
706,Priorities
705,Faroe
728,Legionstrackandfield
730,Retweet
757,Dw
745,2fast2furious
756,Cloud
755,Dating
754,37592
752,Mrrobinson
751,Baby
750,Bhusa
749,Makinmemories
748,Foamed
747,Skyrim
746,Psychrewatch
744,Preseasonworkouts
731,Gemma
741,Theashes
740,Laos
739,Nowplay
738,Nopower
737,Jishin_e
736,Becarefulharry
735,Nyg
734,Insurance:
733,Rome's
732,Danger
814,Landslide!
816,Deals_uk
932,Golf
886,Saltriverwildhorses
898,Cdcwhistleblower
897,Weddings
896,Vuzuhustle
895,Appy's
893,Pft
891,Cricket
890,Sfgiants
889,Losangeles
888,Digitalhealth
887,Nh1news
885,Zimmerman
901,Mapleridge
884,Fantasticfour
883,Bangladeshaffected
882,Wildhorses!
881,Thingsihate
880,Illinois:
879,Nbc15
878,Setting4success
877,Mtvsummerstar
875,Collapse
874,Bestseller
899,Armageddon?
902,Archipelagowolves
872,Casualties
918,Gisuserpr
931,Alt
930,Psd
929,Thisdayinhistory
928,Weloveyoulouis
927,Makewaterwork
924,Bennycapricon
923,Onthisday
921,Udhampuragain
920,Banking
919,Soundcloud?
917,Twcnews
903,Homosexuality
916,Newsarama
914,Newbeginningsanimalrescue
913,Uknews
912,Wogc
911,Teamfollowback
910,Jackson
909,Catfishmtv
908,Kneelbot
906,Mainstage
904,Teamhennessy
873,Artisteoftheweekfact
871,Seaworld
817,Duststorm
829,Deai
840,Bbshelli
839,Amicospizzato
838,Besttalkradio
837,Blackinamerica
835,Otratmetlife
834,Sciencefiction
833,Appreciativeinquiry
832,Ashes2ashes
831,Glimpses:
830,Boxing
828,Cogxbox
842,Borderlands
827,Ashes2015
826,Robertcalifornia
825,Spotlight
824,Muppet
823,Nar
822,Bcpoli
821,Ojoubot
820,Lucky
819,Shakeology
818,Skh
841,Squad
843,Breaking144
870,Playingnow
858,Education
869,Az:
868,Actionmoviestaughtus
867,Reggaeboyz
866,Toronto
865,Givebackkalinwhiteaccount
864,Summervibes
863,Kurokobot
862,Mtsalert
860,Nashvilletraffic.
859,People
856,Family
844,Uglypeople
855,Tennews
854,Yagitudeh
853,Peritoengrafoscopia
851,Fiya!
850,Wcw
849,Brics
848,Sydtraffic
847,Nasa
846,Media420
845,Hungerarticles:
2006,Jp
